{
    "mse": 0.776010152160835,
    "rmse": 0.880914384126423,
    "mae": 0.6816267435629736,
    "r2": 0.22466935350831418
}